Accounting,Architecture,Art and Design,Business,Computer Science,Contracts,Defense,Engineering,Finance,Human Resources,Legal,Marketing,Music,Non-Profits,Photo,Real Estate,Recruiting,Social Media,Software,Video,Web Development,Writing,IT
Auditing,Architect,Graphic Design,Management,Artificial Intelligence,Formation,Hardware,Aerospace,Mergers and Acquisitions (M&A),Compensation,Intellectual Property (IP),Direct Marketing,Director,Grants,Commercial,Commercial,In-house,Mangement,Design,Commercials,HTML,Creative,Network Administration
Cost,Drafting,Print Design,Strategy,Algorithms,Interpretation,Software,Agricultural,Underwriting,Benefits,Tax,Multi-Level Marketing,Manager,Funding,Architecture,Residential,Outsource,Campaign,Construction,Documentary,JavaScript,Tech,.Net 
Financial,Landscape Architecture,Sign Design,,Operating Systems,Performance,Design,Biological and Biosystems,Venture Capital,Placement,Corporate,Radio,Accompanist,Executive Team,Fashion,Industrial,Internet Services,Advertising,Maintenance,Motion Graphics,Perl,Copy Editing,.Net MVC
Forensic,Naval Architecture,Web Design,,Data Structures,Non-Performance,Contracts,Automotive,Private Equity,Training and Development,Bankruptcy,TV,Scout,Volunteer,Aerial,Office,Employment Agency,Community,Testing,Editing,CSS,Copy Writing,Server System Design
Fund,,Packaging,,Information Security,Third Party,Radar,Biomedical,Investing,HR Information Systems,Civil Rights,Branding and Naming,Account Executive,Events,Portraits,Retail,Social Recruiting,Influencers,Configuration Management,Compositing,Python,Press Release,Database Development
Governmental,,UX,,Compiler Design,Breach of Contract,Optics,Building,Personal,Employee Assistance Plan (EAP),Criminal,Cause,Production Assistant,Growth,Product,Hotels,,Facebook,Engineering Management,Animation,Ruby,Information,Database Maintenance
Management,,UX/UI,,Networks,Warranty,Missile,Civil,Education,,Environmental,Content,Arranger,Networks,,Special Purpose,,YouTube,Tools,Streaming,Java,Communication,Internet Security Solutions
Purchase Power,,Wireframing,,Digital Logic,Purchase Order,Engineering,Communications,International,,Family,Conversion Led,Editor,Disbanding,,Land,,Instagram,Quality Management,Compression,ASP,Entertainment,Video Teleconferencing Systems
Tax,,UI,,Programming Languages,Remedies,Management,Chemical,Public,,Entertainment,Community,Teacher / Instructor,,,,,Twitter,Process,Broadcast,PHP,,IT Customer Service
,,Art Therapy,,Microarchitecture,Sales,,Computer,,,Health,Customer Advocacy,Tour Manager,,,,,Twitch,,Producer,.NET,,Small Business Solutions Design
,,Animator,,Databases,Lease,,Construction,,,Immigration,Digital Marketing,Producer,,,,,Google+,,Production,.NET MVC,,Telecommunications System Specilist
,,Exhibition Design,,Systems Architecture,Franchise Agreements,,Electrical,,,International Law,Evangelism,Audio Engineer,,,,,Snapchat,,Sound,Server,,VOIP Solutions
,,Fashion Design,,Graphics and Visualization,Advertising Agency Agreement,,Electromechanical Systems,,,Labor/Employment,Guerrilla Marketing,Audio Programmer,,,,,Periscope,,Director of Photography,Database,,Backup System Design
,,Illustrator,,Security,Indemnity Agreement,,Electronic Systems,,,Real Estate,Influencer Marketing,Backing Singer,,,,,Tumblr,,,Go,,
,,Curation,,Computational Science,Stock Purchase,,Food,,,,Shopper Marketing,Choreographer,,,,,Foursquare,,,ColdFusion,,
,,Make-up Artist,,Cryptography,Settlement,,Engineering Chemistry,,,,Online Advertising,Board Operator,,,,,LinkedIn,,,,,
,,Printmaker,,,Partnership,,Forestry,,,,,DJ,,,,,Blogs,,,,,
,,Technical Illustrator,,,Release,,Environmental,,,,,Booking,,,,,Yelp,,,,,
,,Textile Designer,,,Joint Venture,,Gas,,,,,Composer,,,,,Reddit,,,,,
,,,,,,,Geological,,,,,Conductor,,,,,Pinterest,,,,,
,,,,,,,Geomatics,,,,,Distribution,,,,,Delicious,,,,,
,,,,,,,Industrial / Manufacturing,,,,,Engineer,,,,,Digg,,,,,
,,,,,,,Integrated / Unified,,,,,Recording Engineer,,,,,Slashdot,,,,,
,,,,,,,Materials,,,,,Licensing,,,,,,,,,,
,,,,,,,Math,,,,,Lyricist,,,,,,,,,,
,,,,,,,Mechanical,,,,,MC,,,,,,,,,,
,,,,,,,Metallurgical,,,,,Media Manager,,,,,,,,,,
,,,,,,,Mineral,,,,,Music Attorney,,,,,,,,,,
,,,,,,,Mining,,,,,Publishing,,,,,,,,,,
,,,,,,,Naval,,,,,Promoter,,,,,,,,,,
,,,,,,,Oil,,,,,Radio,,,,,,,,,,
,,,,,,,Petroleum,,,,,Royalty,,,,,,,,,,
,,,,,,,Physics,,,,,Sales,,,,,,,,,,
,,,,,,,Plastics,,,,,Singer / Vocalist,,,,,,,,,,
,,,,,,,Production,,,,,Musician,,,,,,,,,,
,,,,,,,Software,,,,,Stage Manager,,,,,,,,,,
,,,,,,,Systems,,,,,Street Team,,,,,,,,,,
,,,,,,,Water Resource,,,,,,,,,,,,,,,